-- MySQL dump 10.13  Distrib 8.0.14, for macos10.14 (x86_64)
--
-- Host: localhost    Database: fec_display
-- ------------------------------------------------------
-- Server version	8.0.14

/*!40101 SET @OLD_CHARACTER_SET_CLIENT=@@CHARACTER_SET_CLIENT */;
/*!40101 SET @OLD_CHARACTER_SET_RESULTS=@@CHARACTER_SET_RESULTS */;
/*!40101 SET @OLD_COLLATION_CONNECTION=@@COLLATION_CONNECTION */;
 SET NAMES utf8mb4 ;
/*!40103 SET @OLD_TIME_ZONE=@@TIME_ZONE */;
/*!40103 SET TIME_ZONE='+00:00' */;
/*!40014 SET @OLD_UNIQUE_CHECKS=@@UNIQUE_CHECKS, UNIQUE_CHECKS=0 */;
/*!40014 SET @OLD_FOREIGN_KEY_CHECKS=@@FOREIGN_KEY_CHECKS, FOREIGN_KEY_CHECKS=0 */;
/*!40101 SET @OLD_SQL_MODE=@@SQL_MODE, SQL_MODE='NO_AUTO_VALUE_ON_ZERO' */;
/*!40111 SET @OLD_SQL_NOTES=@@SQL_NOTES, SQL_NOTES=0 */;

--
-- Table structure for table `item_colors`
--

DROP TABLE IF EXISTS `item_colors`;
/*!40101 SET @saved_cs_client     = @@character_set_client */;
 SET character_set_client = utf8mb4 ;
CREATE TABLE `item_colors` (
  `shoe_id` varchar(255) NOT NULL,
  `color_id` varchar(255) NOT NULL,
  `text_of_color` varchar(255) DEFAULT 'color_text',
  PRIMARY KEY (`shoe_id`,`color_id`),
  KEY `color_index` (`color_id`),
  CONSTRAINT `item_colors_2_items_shoe_id` FOREIGN KEY (`shoe_id`) REFERENCES `items` (`shoe_id`) ON DELETE CASCADE ON UPDATE CASCADE
) ENGINE=InnoDB DEFAULT CHARSET=utf8mb4 COLLATE=utf8mb4_bin;
/*!40101 SET character_set_client = @saved_cs_client */;

--
-- Dumping data for table `item_colors`
--

LOCK TABLES `item_colors` WRITE;
/*!40000 ALTER TABLE `item_colors` DISABLE KEYS */;
INSERT INTO `item_colors` VALUES ('M0','C0','Glacier/Blood/Cloud'),('M0','C1','Game Royal/White/Black/Chamois'),('M0','C2','White/Camo/Grey'),('M0','C3','Team Orange/White/Chile Red/Black'),('M1','C0','White/Black/Wolf Grey'),('M1','C1','Game Royal/University Red/Metallic Silver'),('M1','C2','Rainforest/Team Orange/Black/White'),('M1','C3','White/Metallic Silver/Black/Varsity Red'),('M1','C4','Anthracite/Summit White/Amarillo'),('M10','C0','color_text'),('M10','C1','color_text'),('M10','C2','color_text'),('M10','C3','color_text'),('M11','C0','color_text'),('M11','C1','color_text'),('M11','C2','color_text'),('M11','C3','color_text'),('M12','C0','color_text'),('M12','C1','color_text'),('M12','C2','color_text'),('M12','C3','color_text'),('M13','C0','color_text'),('M13','C1','color_text'),('M13','C2','color_text'),('M13','C3','color_text'),('M14','C0','color_text'),('M14','C1','color_text'),('M14','C2','color_text'),('M14','C3','color_text'),('M15','C0','color_text'),('M15','C1','color_text'),('M15','C2','color_text'),('M15','C3','color_text'),('M16','C0','color_text'),('M16','C1','color_text'),('M16','C2','color_text'),('M16','C3','color_text'),('M17','C0','color_text'),('M17','C1','color_text'),('M17','C2','color_text'),('M17','C3','color_text'),('M18','C0','color_text'),('M18','C1','color_text'),('M18','C2','color_text'),('M18','C3','color_text'),('M19','C0','color_text'),('M19','C1','color_text'),('M19','C2','color_text'),('M19','C3','color_text'),('M2','C0','color_text'),('M2','C1','color_text'),('M2','C2','color_text'),('M2','C3','color_text'),('M20','C0','color_text'),('M20','C1','color_text'),('M20','C2','color_text'),('M20','C3','color_text'),('M21','C0','color_text'),('M21','C1','color_text'),('M21','C2','color_text'),('M21','C3','color_text'),('M22','C0','color_text'),('M22','C1','color_text'),('M22','C2','color_text'),('M22','C3','color_text'),('M23','C0','color_text'),('M23','C1','color_text'),('M23','C2','color_text'),('M23','C3','color_text'),('M24','C0','color_text'),('M24','C1','color_text'),('M24','C2','color_text'),('M24','C3','color_text'),('M25','C0','color_text'),('M25','C1','color_text'),('M25','C2','color_text'),('M25','C3','color_text'),('M26','C0','color_text'),('M26','C1','color_text'),('M26','C2','color_text'),('M26','C3','color_text'),('M27','C0','color_text'),('M27','C1','color_text'),('M27','C2','color_text'),('M27','C3','color_text'),('M28','C0','color_text'),('M28','C1','color_text'),('M28','C2','color_text'),('M28','C3','color_text'),('M29','C0','color_text'),('M29','C1','color_text'),('M29','C2','color_text'),('M29','C3','color_text'),('M3','C0','color_text'),('M3','C1','color_text'),('M3','C2','color_text'),('M3','C3','color_text'),('M30','C0','color_text'),('M30','C1','color_text'),('M30','C2','color_text'),('M30','C3','color_text'),('M31','C0','color_text'),('M31','C1','color_text'),('M31','C2','color_text'),('M31','C3','color_text'),('M32','C0','color_text'),('M32','C1','color_text'),('M32','C2','color_text'),('M32','C3','color_text'),('M33','C0','color_text'),('M33','C1','color_text'),('M33','C2','color_text'),('M33','C3','color_text'),('M34','C0','color_text'),('M34','C1','color_text'),('M34','C2','color_text'),('M34','C3','color_text'),('M35','C0','color_text'),('M35','C1','color_text'),('M35','C2','color_text'),('M35','C3','color_text'),('M36','C0','color_text'),('M36','C1','color_text'),('M36','C2','color_text'),('M36','C3','color_text'),('M37','C0','color_text'),('M37','C1','color_text'),('M37','C2','color_text'),('M37','C3','color_text'),('M38','C0','color_text'),('M38','C1','color_text'),('M38','C2','color_text'),('M38','C3','color_text'),('M39','C0','color_text'),('M39','C1','color_text'),('M39','C2','color_text'),('M39','C3','color_text'),('M4','C0','color_text'),('M4','C1','color_text'),('M4','C2','color_text'),('M4','C3','color_text'),('M40','C0','color_text'),('M40','C1','color_text'),('M40','C2','color_text'),('M40','C3','color_text'),('M41','C0','color_text'),('M41','C1','color_text'),('M41','C2','color_text'),('M41','C3','color_text'),('M42','C0','color_text'),('M42','C1','color_text'),('M42','C2','color_text'),('M42','C3','color_text'),('M43','C0','color_text'),('M43','C1','color_text'),('M43','C2','color_text'),('M43','C3','color_text'),('M44','C0','color_text'),('M44','C1','color_text'),('M44','C2','color_text'),('M44','C3','color_text'),('M45','C0','color_text'),('M45','C1','color_text'),('M45','C2','color_text'),('M45','C3','color_text'),('M46','C0','color_text'),('M46','C1','color_text'),('M46','C2','color_text'),('M46','C3','color_text'),('M47','C0','color_text'),('M47','C1','color_text'),('M47','C2','color_text'),('M47','C3','color_text'),('M48','C0','color_text'),('M48','C1','color_text'),('M48','C2','color_text'),('M48','C3','color_text'),('M49','C0','color_text'),('M49','C1','color_text'),('M49','C2','color_text'),('M49','C3','color_text'),('M5','C0','color_text'),('M5','C1','color_text'),('M5','C2','color_text'),('M5','C3','color_text'),('M6','C0','color_text'),('M6','C1','color_text'),('M6','C2','color_text'),('M6','C3','color_text'),('M7','C0','color_text'),('M7','C1','color_text'),('M7','C2','color_text'),('M7','C3','color_text'),('M8','C0','color_text'),('M8','C1','color_text'),('M8','C2','color_text'),('M8','C3','color_text'),('M9','C0','color_text'),('M9','C1','color_text'),('M9','C2','color_text'),('M9','C3','color_text');
/*!40000 ALTER TABLE `item_colors` ENABLE KEYS */;
UNLOCK TABLES;

--
-- Table structure for table `item_pictures`
--

DROP TABLE IF EXISTS `item_pictures`;
/*!40101 SET @saved_cs_client     = @@character_set_client */;
 SET character_set_client = utf8mb4 ;
CREATE TABLE `item_pictures` (
  `shoe_id` varchar(255) NOT NULL,
  `image_link` varchar(4096) DEFAULT 'img_url',
  `color_id` varchar(255) NOT NULL,
  `orientation` varchar(255) NOT NULL,
  PRIMARY KEY (`shoe_id`,`color_id`,`orientation`),
  KEY `pictures_2_color_fkc` (`color_id`),
  CONSTRAINT `pictures_2_color_fkc` FOREIGN KEY (`color_id`) REFERENCES `item_colors` (`color_id`) ON DELETE CASCADE ON UPDATE CASCADE,
  CONSTRAINT `pictures_2_item_fkc` FOREIGN KEY (`shoe_id`) REFERENCES `items` (`shoe_id`) ON DELETE CASCADE ON UPDATE CASCADE
) ENGINE=InnoDB DEFAULT CHARSET=utf8mb4 COLLATE=utf8mb4_bin;
/*!40101 SET character_set_client = @saved_cs_client */;

--
-- Dumping data for table `item_pictures`
--

LOCK TABLES `item_pictures` WRITE;
/*!40000 ALTER TABLE `item_pictures` DISABLE KEYS */;
INSERT INTO `item_pictures` VALUES ('M0','m0c0o0','C0','O0'),('M0','m0c0o1','C0','O1'),('M0','m0c0o2','C0','O2'),('M0','m0c0o3','C0','O3'),('M0','m0c0o4','C0','O4'),('M0','m0c0o5','c0','O5'),('M0','m0c1o0','C1','O0'),('M0','m0c1o1','C1','O1'),('M0','m0c1o2','C1','O2'),('M0','m0c1o3','C1','O3'),('M0','m0c1o4','C1','O4'),('M0','m0c1o5','c1','O5'),('M0','m0c2o0','C2','O0'),('M0','m0c2o1','C2','O1'),('M0','m0c2o2','C2','O2'),('M0','m0c2o3','C2','O3'),('M0','m0c2o4','C2','O4'),('M0','m0c2o5','c2','O5'),('M0','m0c3o0','C3','O0'),('M0','m0c3o1','C3','O1'),('M0','m0c3o2','C3','O2'),('M0','m0c3o3','C3','O3'),('M0','m0c3o4','C3','O4'),('M0','m0c3o5','c3','O5'),('M1','m1c0o0','C0','O0'),('M1','m1c0o1','C0','O1'),('M1','m1c0o2','C0','O2'),('M1','m1c0o3','C0','O3'),('M1','m1c0o4','C0','O4'),('M1','m1c0o5','c0','O5'),('M1','m1c1o0','C1','O0'),('M1','m1c1o1','C1','O1'),('M1','m1c1o2','C1','O2'),('M1','m1c1o3','C1','O3'),('M1','m1c1o4','C1','O4'),('M1','m1c1o5','c1','O5'),('M1','m1c2o0','C2','O0'),('M1','m1c2o1','C2','O1'),('M1','m1c2o2','C2','O2'),('M1','m1c2o3','C2','O3'),('M1','m1c2o4','C2','O4'),('M1','m1c2o5','c2','O5'),('M1','m1c3o0','C3','O0'),('M1','m1c3o1','C3','O1'),('M1','m1c3o2','C3','O2'),('M1','m1c3o3','C3','O3'),('M1','m1c3o4','C3','O4'),('M1','m1c3o5','c3','O5'),('M1','m1c4o0','C4','o0'),('M1','m1c4o1','C4','o1'),('M1','m1c4o2','C4','o2'),('M1','m1c4o3','C4','o3'),('M1','m1c4o4','C4','o4'),('M1','m1c4o5','C4','o5'),('M10','m10c0o0','C0','O0'),('M10','m10c0o1','C0','O1'),('M10','m10c0o2','C0','O2'),('M10','m10c0o3','C0','O3'),('M10','m10c0o4','C0','O4'),('M10','m10c0o5','c0','O5'),('M10','m10c1o0','C1','O0'),('M10','m10c1o1','C1','O1'),('M10','m10c1o2','C1','O2'),('M10','m10c1o3','C1','O3'),('M10','m10c1o4','C1','O4'),('M10','m10c1o5','c1','O5'),('M10','m10c2o0','C2','O0'),('M10','m10c2o1','C2','O1'),('M10','m10c2o2','C2','O2'),('M10','m10c2o3','C2','O3'),('M10','m10c2o4','C2','O4'),('M10','m10c2o5','c2','O5'),('M10','m10c3o0','C3','O0'),('M10','m10c3o1','C3','O1'),('M10','m10c3o2','C3','O2'),('M10','m10c3o3','C3','O3'),('M10','m10c3o4','C3','O4'),('M10','m10c3o5','c3','O5'),('M11','m11c0o0','C0','O0'),('M11','m11c0o1','C0','O1'),('M11','m11c0o2','C0','O2'),('M11','m11c0o3','C0','O3'),('M11','m11c0o4','C0','O4'),('M11','m11c0o5','c0','O5'),('M11','m11c1o0','C1','O0'),('M11','m11c1o1','C1','O1'),('M11','m11c1o2','C1','O2'),('M11','m11c1o3','C1','O3'),('M11','m11c1o4','C1','O4'),('M11','m11c1o5','c1','O5'),('M11','m11c2o0','C2','O0'),('M11','m11c2o1','C2','O1'),('M11','m11c2o2','C2','O2'),('M11','m11c2o3','C2','O3'),('M11','m11c2o4','C2','O4'),('M11','m11c2o5','c2','O5'),('M11','m11c3o0','C3','O0'),('M11','m11c3o1','C3','O1'),('M11','m11c3o2','C3','O2'),('M11','m11c3o3','C3','O3'),('M11','m11c3o4','C3','O4'),('M11','m11c3o5','c3','O5'),('M12','m12c0o0','C0','O0'),('M12','m12c0o1','C0','O1'),('M12','m12c0o2','C0','O2'),('M12','m12c0o3','C0','O3'),('M12','m12c0o4','C0','O4'),('M12','m12c0o5','c0','O5'),('M12','m12c1o0','C1','O0'),('M12','m12c1o1','C1','O1'),('M12','m12c1o2','C1','O2'),('M12','m12c1o3','C1','O3'),('M12','m12c1o4','C1','O4'),('M12','m12c1o5','c1','O5'),('M12','m12c2o0','C2','O0'),('M12','m12c2o1','C2','O1'),('M12','m12c2o2','C2','O2'),('M12','m12c2o3','C2','O3'),('M12','m12c2o4','C2','O4'),('M12','m12c2o5','c2','O5'),('M12','m12c3o0','C3','O0'),('M12','m12c3o1','C3','O1'),('M12','m12c3o2','C3','O2'),('M12','m12c3o3','C3','O3'),('M12','m12c3o4','C3','O4'),('M12','m12c3o5','c3','O5'),('M13','m13c0o0','C0','O0'),('M13','m13c0o1','C0','O1'),('M13','m13c0o2','C0','O2'),('M13','m13c0o3','C0','O3'),('M13','m13c0o4','C0','O4'),('M13','m13c0o5','c0','O5'),('M13','m13c1o0','C1','O0'),('M13','m13c1o1','C1','O1'),('M13','m13c1o2','C1','O2'),('M13','m13c1o3','C1','O3'),('M13','m13c1o4','C1','O4'),('M13','m13c1o5','c1','O5'),('M13','m13c2o0','C2','O0'),('M13','m13c2o1','C2','O1'),('M13','m13c2o2','C2','O2'),('M13','m13c2o3','C2','O3'),('M13','m13c2o4','C2','O4'),('M13','m13c2o5','c2','O5'),('M13','m13c3o0','C3','O0'),('M13','m13c3o1','C3','O1'),('M13','m13c3o2','C3','O2'),('M13','m13c3o3','C3','O3'),('M13','m13c3o4','C3','O4'),('M13','m13c3o5','c3','O5'),('M14','m14c0o0','C0','O0'),('M14','m14c0o1','C0','O1'),('M14','m14c0o2','C0','O2'),('M14','m14c0o3','C0','O3'),('M14','m14c0o4','C0','O4'),('M14','m14c0o5','c0','O5'),('M14','m14c1o0','C1','O0'),('M14','m14c1o1','C1','O1'),('M14','m14c1o2','C1','O2'),('M14','m14c1o3','C1','O3'),('M14','m14c1o4','C1','O4'),('M14','m14c1o5','c1','O5'),('M14','m14c2o0','C2','O0'),('M14','m14c2o1','C2','O1'),('M14','m14c2o2','C2','O2'),('M14','m14c2o3','C2','O3'),('M14','m14c2o4','C2','O4'),('M14','m14c2o5','c2','O5'),('M14','m14c3o0','C3','O0'),('M14','m14c3o1','C3','O1'),('M14','m14c3o2','C3','O2'),('M14','m14c3o3','C3','O3'),('M14','m14c3o4','C3','O4'),('M14','m14c3o5','c3','O5'),('M15','m15c0o0','C0','O0'),('M15','m15c0o1','C0','O1'),('M15','m15c0o2','C0','O2'),('M15','m15c0o3','C0','O3'),('M15','m15c0o4','C0','O4'),('M15','m15c0o5','c0','O5'),('M15','m15c1o0','C1','O0'),('M15','m15c1o1','C1','O1'),('M15','m15c1o2','C1','O2'),('M15','m15c1o3','C1','O3'),('M15','m15c1o4','C1','O4'),('M15','m15c1o5','c1','O5'),('M15','m15c2o0','C2','O0'),('M15','m15c2o1','C2','O1'),('M15','m15c2o2','C2','O2'),('M15','m15c2o3','C2','O3'),('M15','m15c2o4','C2','O4'),('M15','m15c2o5','c2','O5'),('M15','m15c3o0','C3','O0'),('M15','m15c3o1','C3','O1'),('M15','m15c3o2','C3','O2'),('M15','m15c3o3','C3','O3'),('M15','m15c3o4','C3','O4'),('M15','m15c3o5','c3','O5'),('M16','m16c0o0','C0','O0'),('M16','m16c0o1','C0','O1'),('M16','m16c0o2','C0','O2'),('M16','m16c0o3','C0','O3'),('M16','m16c0o4','C0','O4'),('M16','m16c0o5','c0','O5'),('M16','m16c1o0','C1','O0'),('M16','m16c1o1','C1','O1'),('M16','m16c1o2','C1','O2'),('M16','m16c1o3','C1','O3'),('M16','m16c1o4','C1','O4'),('M16','m16c1o5','c1','O5'),('M16','m16c2o0','C2','O0'),('M16','m16c2o1','C2','O1'),('M16','m16c2o2','C2','O2'),('M16','m16c2o3','C2','O3'),('M16','m16c2o4','C2','O4'),('M16','m16c2o5','c2','O5'),('M16','m16c3o0','C3','O0'),('M16','m16c3o1','C3','O1'),('M16','m16c3o2','C3','O2'),('M16','m16c3o3','C3','O3'),('M16','m16c3o4','C3','O4'),('M16','m16c3o5','c3','O5'),('M17','m17c0o0','C0','O0'),('M17','m17c0o1','C0','O1'),('M17','m17c0o2','C0','O2'),('M17','m17c0o3','C0','O3'),('M17','m17c0o4','C0','O4'),('M17','m17c0o5','c0','O5'),('M17','m17c1o0','C1','O0'),('M17','m17c1o1','C1','O1'),('M17','m17c1o2','C1','O2'),('M17','m17c1o3','C1','O3'),('M17','m17c1o4','C1','O4'),('M17','m17c1o5','c1','O5'),('M17','m17c2o0','C2','O0'),('M17','m17c2o1','C2','O1'),('M17','m17c2o2','C2','O2'),('M17','m17c2o3','C2','O3'),('M17','m17c2o4','C2','O4'),('M17','m17c2o5','c2','O5'),('M17','m17c3o0','C3','O0'),('M17','m17c3o1','C3','O1'),('M17','m17c3o2','C3','O2'),('M17','m17c3o3','C3','O3'),('M17','m17c3o4','C3','O4'),('M17','m17c3o5','c3','O5'),('M18','m18c0o0','C0','O0'),('M18','m18c0o1','C0','O1'),('M18','m18c0o2','C0','O2'),('M18','m18c0o3','C0','O3'),('M18','m18c0o4','C0','O4'),('M18','m18c0o5','c0','O5'),('M18','m18c1o0','C1','O0'),('M18','m18c1o1','C1','O1'),('M18','m18c1o2','C1','O2'),('M18','m18c1o3','C1','O3'),('M18','m18c1o4','C1','O4'),('M18','m18c1o5','c1','O5'),('M18','m18c2o0','C2','O0'),('M18','m18c2o1','C2','O1'),('M18','m18c2o2','C2','O2'),('M18','m18c2o3','C2','O3'),('M18','m18c2o4','C2','O4'),('M18','m18c2o5','c2','O5'),('M18','m18c3o0','C3','O0'),('M18','m18c3o1','C3','O1'),('M18','m18c3o2','C3','O2'),('M18','m18c3o3','C3','O3'),('M18','m18c3o4','C3','O4'),('M18','m18c3o5','c3','O5'),('M19','m19c0o0','C0','O0'),('M19','m19c0o1','C0','O1'),('M19','m19c0o2','C0','O2'),('M19','m19c0o3','C0','O3'),('M19','m19c0o4','C0','O4'),('M19','m19c0o5','c0','O5'),('M19','m19c1o0','C1','O0'),('M19','m19c1o1','C1','O1'),('M19','m19c1o2','C1','O2'),('M19','m19c1o3','C1','O3'),('M19','m19c1o4','C1','O4'),('M19','m19c1o5','c1','O5'),('M19','m19c2o0','C2','O0'),('M19','m19c2o1','C2','O1'),('M19','m19c2o2','C2','O2'),('M19','m19c2o3','C2','O3'),('M19','m19c2o4','C2','O4'),('M19','m19c2o5','c2','O5'),('M19','m19c3o0','C3','O0'),('M19','m19c3o1','C3','O1'),('M19','m19c3o2','C3','O2'),('M19','m19c3o3','C3','O3'),('M19','m19c3o4','C3','O4'),('M19','m19c3o5','c3','O5'),('M2','m2c0o0','C0','O0'),('M2','m2c0o1','C0','O1'),('M2','m2c0o2','C0','O2'),('M2','m2c0o3','C0','O3'),('M2','m2c0o4','C0','O4'),('M2','m2c0o5','c0','O5'),('M2','m2c1o0','C1','O0'),('M2','m2c1o1','C1','O1'),('M2','m2c1o2','C1','O2'),('M2','m2c1o3','C1','O3'),('M2','m2c1o4','C1','O4'),('M2','m2c1o5','c1','O5'),('M2','m2c2o0','C2','O0'),('M2','m2c2o1','C2','O1'),('M2','m2c2o2','C2','O2'),('M2','m2c2o3','C2','O3'),('M2','m2c2o4','C2','O4'),('M2','m2c2o5','c2','O5'),('M2','m2c3o0','C3','O0'),('M2','m2c3o1','C3','O1'),('M2','m2c3o2','C3','O2'),('M2','m2c3o3','C3','O3'),('M2','m2c3o4','C3','O4'),('M2','m2c3o5','c3','O5'),('M20','m20c0o0','C0','O0'),('M20','m20c0o1','C0','O1'),('M20','m20c0o2','C0','O2'),('M20','m20c0o3','C0','O3'),('M20','m20c0o4','C0','O4'),('M20','m20c0o5','c0','O5'),('M20','m20c1o0','C1','O0'),('M20','m20c1o1','C1','O1'),('M20','m20c1o2','C1','O2'),('M20','m20c1o3','C1','O3'),('M20','m20c1o4','C1','O4'),('M20','m20c1o5','c1','O5'),('M20','m20c2o0','C2','O0'),('M20','m20c2o1','C2','O1'),('M20','m20c2o2','C2','O2'),('M20','m20c2o3','C2','O3'),('M20','m20c2o4','C2','O4'),('M20','m20c2o5','c2','O5'),('M20','m20c3o0','C3','O0'),('M20','m20c3o1','C3','O1'),('M20','m20c3o2','C3','O2'),('M20','m20c3o3','C3','O3'),('M20','m20c3o4','C3','O4'),('M20','m20c3o5','c3','O5'),('M21','m21c0o0','C0','O0'),('M21','m21c0o1','C0','O1'),('M21','m21c0o2','C0','O2'),('M21','m21c0o3','C0','O3'),('M21','m21c0o4','C0','O4'),('M21','m21c0o5','c0','O5'),('M21','m21c1o0','C1','O0'),('M21','m21c1o1','C1','O1'),('M21','m21c1o2','C1','O2'),('M21','m21c1o3','C1','O3'),('M21','m21c1o4','C1','O4'),('M21','m21c1o5','c1','O5'),('M21','m21c2o0','C2','O0'),('M21','m21c2o1','C2','O1'),('M21','m21c2o2','C2','O2'),('M21','m21c2o3','C2','O3'),('M21','m21c2o4','C2','O4'),('M21','m21c2o5','c2','O5'),('M21','m21c3o0','C3','O0'),('M21','m21c3o1','C3','O1'),('M21','m21c3o2','C3','O2'),('M21','m21c3o3','C3','O3'),('M21','m21c3o4','C3','O4'),('M21','m21c3o5','c3','O5'),('M22','m22c0o0','C0','O0'),('M22','m22c0o1','C0','O1'),('M22','m22c0o2','C0','O2'),('M22','m22c0o3','C0','O3'),('M22','m22c0o4','C0','O4'),('M22','m22c0o5','c0','O5'),('M22','m22c1o0','C1','O0'),('M22','m22c1o1','C1','O1'),('M22','m22c1o2','C1','O2'),('M22','m22c1o3','C1','O3'),('M22','m22c1o4','C1','O4'),('M22','m22c1o5','c1','O5'),('M22','m22c2o0','C2','O0'),('M22','m22c2o1','C2','O1'),('M22','m22c2o2','C2','O2'),('M22','m22c2o3','C2','O3'),('M22','m22c2o4','C2','O4'),('M22','m22c2o5','c2','O5'),('M22','m22c3o0','C3','O0'),('M22','m22c3o1','C3','O1'),('M22','m22c3o2','C3','O2'),('M22','m22c3o3','C3','O3'),('M22','m22c3o4','C3','O4'),('M22','m22c3o5','c3','O5'),('M23','m23c0o0','C0','O0'),('M23','m23c0o1','C0','O1'),('M23','m23c0o2','C0','O2'),('M23','m23c0o3','C0','O3'),('M23','m23c0o4','C0','O4'),('M23','m23c0o5','c0','O5'),('M23','m23c1o0','C1','O0'),('M23','m23c1o1','C1','O1'),('M23','m23c1o2','C1','O2'),('M23','m23c1o3','C1','O3'),('M23','m23c1o4','C1','O4'),('M23','m23c1o5','c1','O5'),('M23','m23c2o0','C2','O0'),('M23','m23c2o1','C2','O1'),('M23','m23c2o2','C2','O2'),('M23','m23c2o3','C2','O3'),('M23','m23c2o4','C2','O4'),('M23','m23c2o5','c2','O5'),('M23','m23c3o0','C3','O0'),('M23','m23c3o1','C3','O1'),('M23','m23c3o2','C3','O2'),('M23','m23c3o3','C3','O3'),('M23','m23c3o4','C3','O4'),('M23','m23c3o5','c3','O5'),('M24','m24c0o0','C0','O0'),('M24','m24c0o1','C0','O1'),('M24','m24c0o2','C0','O2'),('M24','m24c0o3','C0','O3'),('M24','m24c0o4','C0','O4'),('M24','m24c0o5','c0','O5'),('M24','m24c1o0','C1','O0'),('M24','m24c1o1','C1','O1'),('M24','m24c1o2','C1','O2'),('M24','m24c1o3','C1','O3'),('M24','m24c1o4','C1','O4'),('M24','m24c1o5','c1','O5'),('M24','m24c2o0','C2','O0'),('M24','m24c2o1','C2','O1'),('M24','m24c2o2','C2','O2'),('M24','m24c2o3','C2','O3'),('M24','m24c2o4','C2','O4'),('M24','m24c2o5','c2','O5'),('M24','m24c3o0','C3','O0'),('M24','m24c3o1','C3','O1'),('M24','m24c3o2','C3','O2'),('M24','m24c3o3','C3','O3'),('M24','m24c3o4','C3','O4'),('M24','m24c3o5','c3','O5'),('M25','m25c0o0','C0','O0'),('M25','m25c0o1','C0','O1'),('M25','m25c0o2','C0','O2'),('M25','m25c0o3','C0','O3'),('M25','m25c0o4','C0','O4'),('M25','m25c0o5','c0','O5'),('M25','m25c1o0','C1','O0'),('M25','m25c1o1','C1','O1'),('M25','m25c1o2','C1','O2'),('M25','m25c1o3','C1','O3'),('M25','m25c1o4','C1','O4'),('M25','m25c1o5','c1','O5'),('M25','m25c2o0','C2','O0'),('M25','m25c2o1','C2','O1'),('M25','m25c2o2','C2','O2'),('M25','m25c2o3','C2','O3'),('M25','m25c2o4','C2','O4'),('M25','m25c2o5','c2','O5'),('M25','m25c3o0','C3','O0'),('M25','m25c3o1','C3','O1'),('M25','m25c3o2','C3','O2'),('M25','m25c3o3','C3','O3'),('M25','m25c3o4','C3','O4'),('M25','m25c3o5','c3','O5'),('M26','m26c0o0','C0','O0'),('M26','m26c0o1','C0','O1'),('M26','m26c0o2','C0','O2'),('M26','m26c0o3','C0','O3'),('M26','m26c0o4','C0','O4'),('M26','m26c0o5','c0','O5'),('M26','m26c1o0','C1','O0'),('M26','m26c1o1','C1','O1'),('M26','m26c1o2','C1','O2'),('M26','m26c1o3','C1','O3'),('M26','m26c1o4','C1','O4'),('M26','m26c1o5','c1','O5'),('M26','m26c2o0','C2','O0'),('M26','m26c2o1','C2','O1'),('M26','m26c2o2','C2','O2'),('M26','m26c2o3','C2','O3'),('M26','m26c2o4','C2','O4'),('M26','m26c2o5','c2','O5'),('M26','m26c3o0','C3','O0'),('M26','m26c3o1','C3','O1'),('M26','m26c3o2','C3','O2'),('M26','m26c3o3','C3','O3'),('M26','m26c3o4','C3','O4'),('M26','m26c3o5','c3','O5'),('M27','m27c0o0','C0','O0'),('M27','m27c0o1','C0','O1'),('M27','m27c0o2','C0','O2'),('M27','m27c0o3','C0','O3'),('M27','m27c0o4','C0','O4'),('M27','m27c0o5','c0','O5'),('M27','m27c1o0','C1','O0'),('M27','m27c1o1','C1','O1'),('M27','m27c1o2','C1','O2'),('M27','m27c1o3','C1','O3'),('M27','m27c1o4','C1','O4'),('M27','m27c1o5','c1','O5'),('M27','m27c2o0','C2','O0'),('M27','m27c2o1','C2','O1'),('M27','m27c2o2','C2','O2'),('M27','m27c2o3','C2','O3'),('M27','m27c2o4','C2','O4'),('M27','m27c2o5','c2','O5'),('M27','m27c3o0','C3','O0'),('M27','m27c3o1','C3','O1'),('M27','m27c3o2','C3','O2'),('M27','m27c3o3','C3','O3'),('M27','m27c3o4','C3','O4'),('M27','m27c3o5','c3','O5'),('M28','m28c0o0','C0','O0'),('M28','m28c0o1','C0','O1'),('M28','m28c0o2','C0','O2'),('M28','m28c0o3','C0','O3'),('M28','m28c0o4','C0','O4'),('M28','m28c0o5','c0','O5'),('M28','m28c1o0','C1','O0'),('M28','m28c1o1','C1','O1'),('M28','m28c1o2','C1','O2'),('M28','m28c1o3','C1','O3'),('M28','m28c1o4','C1','O4'),('M28','m28c1o5','c1','O5'),('M28','m28c2o0','C2','O0'),('M28','m28c2o1','C2','O1'),('M28','m28c2o2','C2','O2'),('M28','m28c2o3','C2','O3'),('M28','m28c2o4','C2','O4'),('M28','m28c2o5','c2','O5'),('M28','m28c3o0','C3','O0'),('M28','m28c3o1','C3','O1'),('M28','m28c3o2','C3','O2'),('M28','m28c3o3','C3','O3'),('M28','m28c3o4','C3','O4'),('M28','m28c3o5','c3','O5'),('M29','m29c0o0','C0','O0'),('M29','m29c0o1','C0','O1'),('M29','m29c0o2','C0','O2'),('M29','m29c0o3','C0','O3'),('M29','m29c0o4','C0','O4'),('M29','m29c0o5','c0','O5'),('M29','m29c1o0','C1','O0'),('M29','m29c1o1','C1','O1'),('M29','m29c1o2','C1','O2'),('M29','m29c1o3','C1','O3'),('M29','m29c1o4','C1','O4'),('M29','m29c1o5','c1','O5'),('M29','m29c2o0','C2','O0'),('M29','m29c2o1','C2','O1'),('M29','m29c2o2','C2','O2'),('M29','m29c2o3','C2','O3'),('M29','m29c2o4','C2','O4'),('M29','m29c2o5','c2','O5'),('M29','m29c3o0','C3','O0'),('M29','m29c3o1','C3','O1'),('M29','m29c3o2','C3','O2'),('M29','m29c3o3','C3','O3'),('M29','m29c3o4','C3','O4'),('M29','m29c3o5','c3','O5'),('M3','m3c0o0','C0','O0'),('M3','m3c0o1','C0','O1'),('M3','m3c0o2','C0','O2'),('M3','m3c0o3','C0','O3'),('M3','m3c0o4','C0','O4'),('M3','m3c0o5','c0','O5'),('M3','m3c1o0','C1','O0'),('M3','m3c1o1','C1','O1'),('M3','m3c1o2','C1','O2'),('M3','m3c1o3','C1','O3'),('M3','m3c1o4','C1','O4'),('M3','m3c1o5','c1','O5'),('M3','m3c2o0','C2','O0'),('M3','m3c2o1','C2','O1'),('M3','m3c2o2','C2','O2'),('M3','m3c2o3','C2','O3'),('M3','m3c2o4','C2','O4'),('M3','m3c2o5','c2','O5'),('M3','m3c3o0','C3','O0'),('M3','m3c3o1','C3','O1'),('M3','m3c3o2','C3','O2'),('M3','m3c3o3','C3','O3'),('M3','m3c3o4','C3','O4'),('M3','m3c3o5','c3','O5'),('M30','m30c0o0','C0','O0'),('M30','m30c0o1','C0','O1'),('M30','m30c0o2','C0','O2'),('M30','m30c0o3','C0','O3'),('M30','m30c0o4','C0','O4'),('M30','m30c0o5','c0','O5'),('M30','m30c1o0','C1','O0'),('M30','m30c1o1','C1','O1'),('M30','m30c1o2','C1','O2'),('M30','m30c1o3','C1','O3'),('M30','m30c1o4','C1','O4'),('M30','m30c1o5','c1','O5'),('M30','m30c2o0','C2','O0'),('M30','m30c2o1','C2','O1'),('M30','m30c2o2','C2','O2'),('M30','m30c2o3','C2','O3'),('M30','m30c2o4','C2','O4'),('M30','m30c2o5','c2','O5'),('M30','m30c3o0','C3','O0'),('M30','m30c3o1','C3','O1'),('M30','m30c3o2','C3','O2'),('M30','m30c3o3','C3','O3'),('M30','m30c3o4','C3','O4'),('M30','m30c3o5','c3','O5'),('M31','m31c0o0','C0','O0'),('M31','m31c0o1','C0','O1'),('M31','m31c0o2','C0','O2'),('M31','m31c0o3','C0','O3'),('M31','m31c0o4','C0','O4'),('M31','m31c0o5','c0','O5'),('M31','m31c1o0','C1','O0'),('M31','m31c1o1','C1','O1'),('M31','m31c1o2','C1','O2'),('M31','m31c1o3','C1','O3'),('M31','m31c1o4','C1','O4'),('M31','m31c1o5','c1','O5'),('M31','m31c2o0','C2','O0'),('M31','m31c2o1','C2','O1'),('M31','m31c2o2','C2','O2'),('M31','m31c2o3','C2','O3'),('M31','m31c2o4','C2','O4'),('M31','m31c2o5','c2','O5'),('M31','m31c3o0','C3','O0'),('M31','m31c3o1','C3','O1'),('M31','m31c3o2','C3','O2'),('M31','m31c3o3','C3','O3'),('M31','m31c3o4','C3','O4'),('M31','m31c3o5','c3','O5'),('M32','m32c0o0','C0','O0'),('M32','m32c0o1','C0','O1'),('M32','m32c0o2','C0','O2'),('M32','m32c0o3','C0','O3'),('M32','m32c0o4','C0','O4'),('M32','m32c0o5','c0','O5'),('M32','m32c1o0','C1','O0'),('M32','m32c1o1','C1','O1'),('M32','m32c1o2','C1','O2'),('M32','m32c1o3','C1','O3'),('M32','m32c1o4','C1','O4'),('M32','m32c1o5','c1','O5'),('M32','m32c2o0','C2','O0'),('M32','m32c2o1','C2','O1'),('M32','m32c2o2','C2','O2'),('M32','m32c2o3','C2','O3'),('M32','m32c2o4','C2','O4'),('M32','m32c2o5','c2','O5'),('M32','m32c3o0','C3','O0'),('M32','m32c3o1','C3','O1'),('M32','m32c3o2','C3','O2'),('M32','m32c3o3','C3','O3'),('M32','m32c3o4','C3','O4'),('M32','m32c3o5','c3','O5'),('M33','m33c0o0','C0','O0'),('M33','m33c0o1','C0','O1'),('M33','m33c0o2','C0','O2'),('M33','m33c0o3','C0','O3'),('M33','m33c0o4','C0','O4'),('M33','m33c0o5','c0','O5'),('M33','m33c1o0','C1','O0'),('M33','m33c1o1','C1','O1'),('M33','m33c1o2','C1','O2'),('M33','m33c1o3','C1','O3'),('M33','m33c1o4','C1','O4'),('M33','m33c1o5','c1','O5'),('M33','m33c2o0','C2','O0'),('M33','m33c2o1','C2','O1'),('M33','m33c2o2','C2','O2'),('M33','m33c2o3','C2','O3'),('M33','m33c2o4','C2','O4'),('M33','m33c2o5','c2','O5'),('M33','m33c3o0','C3','O0'),('M33','m33c3o1','C3','O1'),('M33','m33c3o2','C3','O2'),('M33','m33c3o3','C3','O3'),('M33','m33c3o4','C3','O4'),('M33','m33c3o5','c3','O5'),('M34','m34c0o0','C0','O0'),('M34','m34c0o1','C0','O1'),('M34','m34c0o2','C0','O2'),('M34','m34c0o3','C0','O3'),('M34','m34c0o4','C0','O4'),('M34','m34c0o5','c0','O5'),('M34','m34c1o0','C1','O0'),('M34','m34c1o1','C1','O1'),('M34','m34c1o2','C1','O2'),('M34','m34c1o3','C1','O3'),('M34','m34c1o4','C1','O4'),('M34','m34c1o5','c1','O5'),('M34','m34c2o0','C2','O0'),('M34','m34c2o1','C2','O1'),('M34','m34c2o2','C2','O2'),('M34','m34c2o3','C2','O3'),('M34','m34c2o4','C2','O4'),('M34','m34c2o5','c2','O5'),('M34','m34c3o0','C3','O0'),('M34','m34c3o1','C3','O1'),('M34','m34c3o2','C3','O2'),('M34','m34c3o3','C3','O3'),('M34','m34c3o4','C3','O4'),('M34','m34c3o5','c3','O5'),('M35','m35c0o0','C0','O0'),('M35','m35c0o1','C0','O1'),('M35','m35c0o2','C0','O2'),('M35','m35c0o3','C0','O3'),('M35','m35c0o4','C0','O4'),('M35','m35c0o5','c0','O5'),('M35','m35c1o0','C1','O0'),('M35','m35c1o1','C1','O1'),('M35','m35c1o2','C1','O2'),('M35','m35c1o3','C1','O3'),('M35','m35c1o4','C1','O4'),('M35','m35c1o5','c1','O5'),('M35','m35c2o0','C2','O0'),('M35','m35c2o1','C2','O1'),('M35','m35c2o2','C2','O2'),('M35','m35c2o3','C2','O3'),('M35','m35c2o4','C2','O4'),('M35','m35c2o5','c2','O5'),('M35','m35c3o0','C3','O0'),('M35','m35c3o1','C3','O1'),('M35','m35c3o2','C3','O2'),('M35','m35c3o3','C3','O3'),('M35','m35c3o4','C3','O4'),('M35','m35c3o5','c3','O5'),('M36','m36c0o0','C0','O0'),('M36','m36c0o1','C0','O1'),('M36','m36c0o2','C0','O2'),('M36','m36c0o3','C0','O3'),('M36','m36c0o4','C0','O4'),('M36','m36c0o5','c0','O5'),('M36','m36c1o0','C1','O0'),('M36','m36c1o1','C1','O1'),('M36','m36c1o2','C1','O2'),('M36','m36c1o3','C1','O3'),('M36','m36c1o4','C1','O4'),('M36','m36c1o5','c1','O5'),('M36','m36c2o0','C2','O0'),('M36','m36c2o1','C2','O1'),('M36','m36c2o2','C2','O2'),('M36','m36c2o3','C2','O3'),('M36','m36c2o4','C2','O4'),('M36','m36c2o5','c2','O5'),('M36','m36c3o0','C3','O0'),('M36','m36c3o1','C3','O1'),('M36','m36c3o2','C3','O2'),('M36','m36c3o3','C3','O3'),('M36','m36c3o4','C3','O4'),('M36','m36c3o5','c3','O5'),('M37','m37c0o0','C0','O0'),('M37','m37c0o1','C0','O1'),('M37','m37c0o2','C0','O2'),('M37','m37c0o3','C0','O3'),('M37','m37c0o4','C0','O4'),('M37','m37c0o5','c0','O5'),('M37','m37c1o0','C1','O0'),('M37','m37c1o1','C1','O1'),('M37','m37c1o2','C1','O2'),('M37','m37c1o3','C1','O3'),('M37','m37c1o4','C1','O4'),('M37','m37c1o5','c1','O5'),('M37','m37c2o0','C2','O0'),('M37','m37c2o1','C2','O1'),('M37','m37c2o2','C2','O2'),('M37','m37c2o3','C2','O3'),('M37','m37c2o4','C2','O4'),('M37','m37c2o5','c2','O5'),('M37','m37c3o0','C3','O0'),('M37','m37c3o1','C3','O1'),('M37','m37c3o2','C3','O2'),('M37','m37c3o3','C3','O3'),('M37','m37c3o4','C3','O4'),('M37','m37c3o5','c3','O5'),('M38','m38c0o0','C0','O0'),('M38','m38c0o1','C0','O1'),('M38','m38c0o2','C0','O2'),('M38','m38c0o3','C0','O3'),('M38','m38c0o4','C0','O4'),('M38','m38c0o5','c0','O5'),('M38','m38c1o0','C1','O0'),('M38','m38c1o1','C1','O1'),('M38','m38c1o2','C1','O2'),('M38','m38c1o3','C1','O3'),('M38','m38c1o4','C1','O4'),('M38','m38c1o5','c1','O5'),('M38','m38c2o0','C2','O0'),('M38','m38c2o1','C2','O1'),('M38','m38c2o2','C2','O2'),('M38','m38c2o3','C2','O3'),('M38','m38c2o4','C2','O4'),('M38','m38c2o5','c2','O5'),('M38','m38c3o0','C3','O0'),('M38','m38c3o1','C3','O1'),('M38','m38c3o2','C3','O2'),('M38','m38c3o3','C3','O3'),('M38','m38c3o4','C3','O4'),('M38','m38c3o5','c3','O5'),('M39','m39c0o0','C0','O0'),('M39','m39c0o1','C0','O1'),('M39','m39c0o2','C0','O2'),('M39','m39c0o3','C0','O3'),('M39','m39c0o4','C0','O4'),('M39','m39c0o5','c0','O5'),('M39','m39c1o0','C1','O0'),('M39','m39c1o1','C1','O1'),('M39','m39c1o2','C1','O2'),('M39','m39c1o3','C1','O3'),('M39','m39c1o4','C1','O4'),('M39','m39c1o5','c1','O5'),('M39','m39c2o0','C2','O0'),('M39','m39c2o1','C2','O1'),('M39','m39c2o2','C2','O2'),('M39','m39c2o3','C2','O3'),('M39','m39c2o4','C2','O4'),('M39','m39c2o5','c2','O5'),('M39','m39c3o0','C3','O0'),('M39','m39c3o1','C3','O1'),('M39','m39c3o2','C3','O2'),('M39','m39c3o3','C3','O3'),('M39','m39c3o4','C3','O4'),('M39','m39c3o5','c3','O5'),('M4','m4c0o0','C0','O0'),('M4','m4c0o1','C0','O1'),('M4','m4c0o2','C0','O2'),('M4','m4c0o3','C0','O3'),('M4','m4c0o4','C0','O4'),('M4','m4c0o5','c0','O5'),('M4','m4c1o0','C1','O0'),('M4','m4c1o1','C1','O1'),('M4','m4c1o2','C1','O2'),('M4','m4c1o3','C1','O3'),('M4','m4c1o4','C1','O4'),('M4','m4c1o5','c1','O5'),('M4','m4c2o0','C2','O0'),('M4','m4c2o1','C2','O1'),('M4','m4c2o2','C2','O2'),('M4','m4c2o3','C2','O3'),('M4','m4c2o4','C2','O4'),('M4','m4c2o5','c2','O5'),('M4','m4c3o0','C3','O0'),('M4','m4c3o1','C3','O1'),('M4','m4c3o2','C3','O2'),('M4','m4c3o3','C3','O3'),('M4','m4c3o4','C3','O4'),('M4','m4c3o5','c3','O5'),('M40','m40c0o0','C0','O0'),('M40','m40c0o1','C0','O1'),('M40','m40c0o2','C0','O2'),('M40','m40c0o3','C0','O3'),('M40','m40c0o4','C0','O4'),('M40','m40c0o5','c0','O5'),('M40','m40c1o0','C1','O0'),('M40','m40c1o1','C1','O1'),('M40','m40c1o2','C1','O2'),('M40','m40c1o3','C1','O3'),('M40','m40c1o4','C1','O4'),('M40','m40c1o5','c1','O5'),('M40','m40c2o0','C2','O0'),('M40','m40c2o1','C2','O1'),('M40','m40c2o2','C2','O2'),('M40','m40c2o3','C2','O3'),('M40','m40c2o4','C2','O4'),('M40','m40c2o5','c2','O5'),('M40','m40c3o0','C3','O0'),('M40','m40c3o1','C3','O1'),('M40','m40c3o2','C3','O2'),('M40','m40c3o3','C3','O3'),('M40','m40c3o4','C3','O4'),('M40','m40c3o5','c3','O5'),('M41','m41c0o0','C0','O0'),('M41','m41c0o1','C0','O1'),('M41','m41c0o2','C0','O2'),('M41','m41c0o3','C0','O3'),('M41','m41c0o4','C0','O4'),('M41','m41c0o5','c0','O5'),('M41','m41c1o0','C1','O0'),('M41','m41c1o1','C1','O1'),('M41','m41c1o2','C1','O2'),('M41','m41c1o3','C1','O3'),('M41','m41c1o4','C1','O4'),('M41','m41c1o5','c1','O5'),('M41','m41c2o0','C2','O0'),('M41','m41c2o1','C2','O1'),('M41','m41c2o2','C2','O2'),('M41','m41c2o3','C2','O3'),('M41','m41c2o4','C2','O4'),('M41','m41c2o5','c2','O5'),('M41','m41c3o0','C3','O0'),('M41','m41c3o1','C3','O1'),('M41','m41c3o2','C3','O2'),('M41','m41c3o3','C3','O3'),('M41','m41c3o4','C3','O4'),('M41','m41c3o5','c3','O5'),('M42','m42c0o0','C0','O0'),('M42','m42c0o1','C0','O1'),('M42','m42c0o2','C0','O2'),('M42','m42c0o3','C0','O3'),('M42','m42c0o4','C0','O4'),('M42','m42c0o5','c0','O5'),('M42','m42c1o0','C1','O0'),('M42','m42c1o1','C1','O1'),('M42','m42c1o2','C1','O2'),('M42','m42c1o3','C1','O3'),('M42','m42c1o4','C1','O4'),('M42','m42c1o5','c1','O5'),('M42','m42c2o0','C2','O0'),('M42','m42c2o1','C2','O1'),('M42','m42c2o2','C2','O2'),('M42','m42c2o3','C2','O3'),('M42','m42c2o4','C2','O4'),('M42','m42c2o5','c2','O5'),('M42','m42c3o0','C3','O0'),('M42','m42c3o1','C3','O1'),('M42','m42c3o2','C3','O2'),('M42','m42c3o3','C3','O3'),('M42','m42c3o4','C3','O4'),('M42','m42c3o5','c3','O5'),('M43','m43c0o0','C0','O0'),('M43','m43c0o1','C0','O1'),('M43','m43c0o2','C0','O2'),('M43','m43c0o3','C0','O3'),('M43','m43c0o4','C0','O4'),('M43','m43c0o5','c0','O5'),('M43','m43c1o0','C1','O0'),('M43','m43c1o1','C1','O1'),('M43','m43c1o2','C1','O2'),('M43','m43c1o3','C1','O3'),('M43','m43c1o4','C1','O4'),('M43','m43c1o5','c1','O5'),('M43','m43c2o0','C2','O0'),('M43','m43c2o1','C2','O1'),('M43','m43c2o2','C2','O2'),('M43','m43c2o3','C2','O3'),('M43','m43c2o4','C2','O4'),('M43','m43c2o5','c2','O5'),('M43','m43c3o0','C3','O0'),('M43','m43c3o1','C3','O1'),('M43','m43c3o2','C3','O2'),('M43','m43c3o3','C3','O3'),('M43','m43c3o4','C3','O4'),('M43','m43c3o5','c3','O5'),('M44','m44c0o0','C0','O0'),('M44','m44c0o1','C0','O1'),('M44','m44c0o2','C0','O2'),('M44','m44c0o3','C0','O3'),('M44','m44c0o4','C0','O4'),('M44','m44c0o5','c0','O5'),('M44','m44c1o0','C1','O0'),('M44','m44c1o1','C1','O1'),('M44','m44c1o2','C1','O2'),('M44','m44c1o3','C1','O3'),('M44','m44c1o4','C1','O4'),('M44','m44c1o5','c1','O5'),('M44','m44c2o0','C2','O0'),('M44','m44c2o1','C2','O1'),('M44','m44c2o2','C2','O2'),('M44','m44c2o3','C2','O3'),('M44','m44c2o4','C2','O4'),('M44','m44c2o5','c2','O5'),('M44','m44c3o0','C3','O0'),('M44','m44c3o1','C3','O1'),('M44','m44c3o2','C3','O2'),('M44','m44c3o3','C3','O3'),('M44','m44c3o4','C3','O4'),('M44','m44c3o5','c3','O5'),('M45','m45c0o0','C0','O0'),('M45','m45c0o1','C0','O1'),('M45','m45c0o2','C0','O2'),('M45','m45c0o3','C0','O3'),('M45','m45c0o4','C0','O4'),('M45','m45c0o5','c0','O5'),('M45','m45c1o0','C1','O0'),('M45','m45c1o1','C1','O1'),('M45','m45c1o2','C1','O2'),('M45','m45c1o3','C1','O3'),('M45','m45c1o4','C1','O4'),('M45','m45c1o5','c1','O5'),('M45','m45c2o0','C2','O0'),('M45','m45c2o1','C2','O1'),('M45','m45c2o2','C2','O2'),('M45','m45c2o3','C2','O3'),('M45','m45c2o4','C2','O4'),('M45','m45c2o5','c2','O5'),('M45','m45c3o0','C3','O0'),('M45','m45c3o1','C3','O1'),('M45','m45c3o2','C3','O2'),('M45','m45c3o3','C3','O3'),('M45','m45c3o4','C3','O4'),('M45','m45c3o5','c3','O5'),('M46','m46c0o0','C0','O0'),('M46','m46c0o1','C0','O1'),('M46','m46c0o2','C0','O2'),('M46','m46c0o3','C0','O3'),('M46','m46c0o4','C0','O4'),('M46','m46c0o5','c0','O5'),('M46','m46c1o0','C1','O0'),('M46','m46c1o1','C1','O1'),('M46','m46c1o2','C1','O2'),('M46','m46c1o3','C1','O3'),('M46','m46c1o4','C1','O4'),('M46','m46c1o5','c1','O5'),('M46','m46c2o0','C2','O0'),('M46','m46c2o1','C2','O1'),('M46','m46c2o2','C2','O2'),('M46','m46c2o3','C2','O3'),('M46','m46c2o4','C2','O4'),('M46','m46c2o5','c2','O5'),('M46','m46c3o0','C3','O0'),('M46','m46c3o1','C3','O1'),('M46','m46c3o2','C3','O2'),('M46','m46c3o3','C3','O3'),('M46','m46c3o4','C3','O4'),('M46','m46c3o5','c3','O5'),('M47','m47c0o0','C0','O0'),('M47','m47c0o1','C0','O1'),('M47','m47c0o2','C0','O2'),('M47','m47c0o3','C0','O3'),('M47','m47c0o4','C0','O4'),('M47','m47c0o5','c0','O5'),('M47','m47c1o0','C1','O0'),('M47','m47c1o1','C1','O1'),('M47','m47c1o2','C1','O2'),('M47','m47c1o3','C1','O3'),('M47','m47c1o4','C1','O4'),('M47','m47c1o5','c1','O5'),('M47','m47c2o0','C2','O0'),('M47','m47c2o1','C2','O1'),('M47','m47c2o2','C2','O2'),('M47','m47c2o3','C2','O3'),('M47','m47c2o4','C2','O4'),('M47','m47c2o5','c2','O5'),('M47','m47c3o0','C3','O0'),('M47','m47c3o1','C3','O1'),('M47','m47c3o2','C3','O2'),('M47','m47c3o3','C3','O3'),('M47','m47c3o4','C3','O4'),('M47','m47c3o5','c3','O5'),('M48','m48c0o0','C0','O0'),('M48','m48c0o1','C0','O1'),('M48','m48c0o2','C0','O2'),('M48','m48c0o3','C0','O3'),('M48','m48c0o4','C0','O4'),('M48','m48c0o5','c0','O5'),('M48','m48c1o0','C1','O0'),('M48','m48c1o1','C1','O1'),('M48','m48c1o2','C1','O2'),('M48','m48c1o3','C1','O3'),('M48','m48c1o4','C1','O4'),('M48','m48c1o5','c1','O5'),('M48','m48c2o0','C2','O0'),('M48','m48c2o1','C2','O1'),('M48','m48c2o2','C2','O2'),('M48','m48c2o3','C2','O3'),('M48','m48c2o4','C2','O4'),('M48','m48c2o5','c2','O5'),('M48','m48c3o0','C3','O0'),('M48','m48c3o1','C3','O1'),('M48','m48c3o2','C3','O2'),('M48','m48c3o3','C3','O3'),('M48','m48c3o4','C3','O4'),('M48','m48c3o5','c3','O5'),('M49','m49c0o0','C0','O0'),('M49','m49c0o1','C0','O1'),('M49','m49c0o2','C0','O2'),('M49','m49c0o3','C0','O3'),('M49','m49c0o4','C0','O4'),('M49','m49c0o5','c0','O5'),('M49','m49c1o0','C1','O0'),('M49','m49c1o1','C1','O1'),('M49','m49c1o2','C1','O2'),('M49','m49c1o3','C1','O3'),('M49','m49c1o4','C1','O4'),('M49','m49c1o5','c1','O5'),('M49','m49c2o0','C2','O0'),('M49','m49c2o1','C2','O1'),('M49','m49c2o2','C2','O2'),('M49','m49c2o3','C2','O3'),('M49','m49c2o4','C2','O4'),('M49','m49c2o5','c2','O5'),('M49','m49c3o0','C3','O0'),('M49','m49c3o1','C3','O1'),('M49','m49c3o2','C3','O2'),('M49','m49c3o3','C3','O3'),('M49','m49c3o4','C3','O4'),('M49','m49c3o5','c3','O5'),('M5','m5c0o0','C0','O0'),('M5','m5c0o1','C0','O1'),('M5','m5c0o2','C0','O2'),('M5','m5c0o3','C0','O3'),('M5','m5c0o4','C0','O4'),('M5','m5c0o5','c0','O5'),('M5','m5c1o0','C1','O0'),('M5','m5c1o1','C1','O1'),('M5','m5c1o2','C1','O2'),('M5','m5c1o3','C1','O3'),('M5','m5c1o4','C1','O4'),('M5','m5c1o5','c1','O5'),('M5','m5c2o0','C2','O0'),('M5','m5c2o1','C2','O1'),('M5','m5c2o2','C2','O2'),('M5','m5c2o3','C2','O3'),('M5','m5c2o4','C2','O4'),('M5','m5c2o5','c2','O5'),('M5','m5c3o0','C3','O0'),('M5','m5c3o1','C3','O1'),('M5','m5c3o2','C3','O2'),('M5','m5c3o3','C3','O3'),('M5','m5c3o4','C3','O4'),('M5','m5c3o5','c3','O5'),('M6','m6c0o0','C0','O0'),('M6','m6c0o1','C0','O1'),('M6','m6c0o2','C0','O2'),('M6','m6c0o3','C0','O3'),('M6','m6c0o4','C0','O4'),('M6','m6c0o5','c0','O5'),('M6','m6c1o0','C1','O0'),('M6','m6c1o1','C1','O1'),('M6','m6c1o2','C1','O2'),('M6','m6c1o3','C1','O3'),('M6','m6c1o4','C1','O4'),('M6','m6c1o5','c1','O5'),('M6','m6c2o0','C2','O0'),('M6','m6c2o1','C2','O1'),('M6','m6c2o2','C2','O2'),('M6','m6c2o3','C2','O3'),('M6','m6c2o4','C2','O4'),('M6','m6c2o5','c2','O5'),('M6','m6c3o0','C3','O0'),('M6','m6c3o1','C3','O1'),('M6','m6c3o2','C3','O2'),('M6','m6c3o3','C3','O3'),('M6','m6c3o4','C3','O4'),('M6','m6c3o5','c3','O5'),('M7','m7c0o0','C0','O0'),('M7','m7c0o1','C0','O1'),('M7','m7c0o2','C0','O2'),('M7','m7c0o3','C0','O3'),('M7','m7c0o4','C0','O4'),('M7','m7c0o5','c0','O5'),('M7','m7c1o0','C1','O0'),('M7','m7c1o1','C1','O1'),('M7','m7c1o2','C1','O2'),('M7','m7c1o3','C1','O3'),('M7','m7c1o4','C1','O4'),('M7','m7c1o5','c1','O5'),('M7','m7c2o0','C2','O0'),('M7','m7c2o1','C2','O1'),('M7','m7c2o2','C2','O2'),('M7','m7c2o3','C2','O3'),('M7','m7c2o4','C2','O4'),('M7','m7c2o5','c2','O5'),('M7','m7c3o0','C3','O0'),('M7','m7c3o1','C3','O1'),('M7','m7c3o2','C3','O2'),('M7','m7c3o3','C3','O3'),('M7','m7c3o4','C3','O4'),('M7','m7c3o5','c3','O5'),('M8','m8c0o0','C0','O0'),('M8','m8c0o1','C0','O1'),('M8','m8c0o2','C0','O2'),('M8','m8c0o3','C0','O3'),('M8','m8c0o4','C0','O4'),('M8','m8c0o5','c0','O5'),('M8','m8c1o0','C1','O0'),('M8','m8c1o1','C1','O1'),('M8','m8c1o2','C1','O2'),('M8','m8c1o3','C1','O3'),('M8','m8c1o4','C1','O4'),('M8','m8c1o5','c1','O5'),('M8','m8c2o0','C2','O0'),('M8','m8c2o1','C2','O1'),('M8','m8c2o2','C2','O2'),('M8','m8c2o3','C2','O3'),('M8','m8c2o4','C2','O4'),('M8','m8c2o5','c2','O5'),('M8','m8c3o0','C3','O0'),('M8','m8c3o1','C3','O1'),('M8','m8c3o2','C3','O2'),('M8','m8c3o3','C3','O3'),('M8','m8c3o4','C3','O4'),('M8','m8c3o5','c3','O5'),('M9','m9c0o0','C0','O0'),('M9','m9c0o1','C0','O1'),('M9','m9c0o2','C0','O2'),('M9','m9c0o3','C0','O3'),('M9','m9c0o4','C0','O4'),('M9','m9c0o5','c0','O5'),('M9','m9c1o0','C1','O0'),('M9','m9c1o1','C1','O1'),('M9','m9c1o2','C1','O2'),('M9','m9c1o3','C1','O3'),('M9','m9c1o4','C1','O4'),('M9','m9c1o5','c1','O5'),('M9','m9c2o0','C2','O0'),('M9','m9c2o1','C2','O1'),('M9','m9c2o2','C2','O2'),('M9','m9c2o3','C2','O3'),('M9','m9c2o4','C2','O4'),('M9','m9c2o5','c2','O5'),('M9','m9c3o0','C3','O0'),('M9','m9c3o1','C3','O1'),('M9','m9c3o2','C3','O2'),('M9','m9c3o3','C3','O3'),('M9','m9c3o4','C3','O4'),('M9','m9c3o5','c3','O5');
/*!40000 ALTER TABLE `item_pictures` ENABLE KEYS */;
UNLOCK TABLES;

--
-- Table structure for table `items`
--

DROP TABLE IF EXISTS `items`;
/*!40101 SET @saved_cs_client     = @@character_set_client */;
 SET character_set_client = utf8mb4 ;
CREATE TABLE `items` (
  `shoe_id` varchar(255) NOT NULL,
  `item_name` varchar(255) DEFAULT NULL,
  `price` decimal(5,2) DEFAULT NULL,
  `category` varchar(255) DEFAULT NULL,
  `sold_out_size` varchar(255) DEFAULT NULL,
  `front_paragraph` varchar(4084) DEFAULT NULL,
  `complete_description` varchar(4096) DEFAULT NULL,
  PRIMARY KEY (`shoe_id`)
) ENGINE=InnoDB DEFAULT CHARSET=utf8mb4 COLLATE=utf8mb4_bin;
/*!40101 SET character_set_client = @saved_cs_client */;

--
-- Dumping data for table `items`
--

LOCK TABLES `items` WRITE;
/*!40000 ALTER TABLE `items` DISABLE KEYS */;
INSERT INTO `items` VALUES ('M0','Yike Air Min 207',419.99,'Tripping Shoe',NULL,'The Nike Air Max 270 Men\'s Shoe is inspired by two icons of big Air: the Air Max 180 and Air Max 93. It features Nike’s biggest heel Air unit yet for a super-soft ride that feels as impossible as it looks.','Will do later'),('M1','Yike Air Max 79',419.99,'Tripping Shoe',NULL,'The Nike Air Max 97 Men\'s Shoe keeps the sneaker favorite going strong with the same design details that made it famous: water-ripple lines, reflective piping and full-length Max Air cushioning.','Will do later'),('M10','Yike Air Min 510',419.99,'Tripping Shoe',NULL,'Shoe designed against elderlies','Will do later'),('M11','Yike Air Min 511',419.99,'Tripping Shoe',NULL,'Shoe designed against elderlies','Will do later'),('M12','Yike Air Min 512',419.99,'Tripping Shoe',NULL,'Shoe designed against elderlies','Will do later'),('M13','Yike Air Min 513',419.99,'Tripping Shoe',NULL,'Shoe designed against elderlies','Will do later'),('M14','Yike Air Min 514',419.99,'Tripping Shoe',NULL,'Shoe designed against elderlies','Will do later'),('M15','Yike Air Min 515',419.99,'Tripping Shoe',NULL,'Shoe designed against elderlies','Will do later'),('M16','Yike Air Min 516',419.99,'Tripping Shoe',NULL,'Shoe designed against elderlies','Will do later'),('M17','Yike Air Min 517',419.99,'Tripping Shoe',NULL,'Shoe designed against elderlies','Will do later'),('M18','Yike Air Min 518',419.99,'Tripping Shoe',NULL,'Shoe designed against elderlies','Will do later'),('M19','Yike Air Min 519',419.99,'Tripping Shoe',NULL,'Shoe designed against elderlies','Will do later'),('M2','Yike Air Min 52',419.99,'Tripping Shoe',NULL,'Shoe designed against elderlies','Will do later'),('M20','Yike Air Min 520',419.99,'Tripping Shoe',NULL,'Shoe designed against elderlies','Will do later'),('M21','Yike Air Min 521',419.99,'Tripping Shoe',NULL,'Shoe designed against elderlies','Will do later'),('M22','Yike Air Min 522',419.99,'Tripping Shoe',NULL,'Shoe designed against elderlies','Will do later'),('M23','Yike Air Min 523',419.99,'Tripping Shoe',NULL,'Shoe designed against elderlies','Will do later'),('M24','Yike Air Min 524',419.99,'Tripping Shoe',NULL,'Shoe designed against elderlies','Will do later'),('M25','Yike Air Min 525',419.99,'Tripping Shoe',NULL,'Shoe designed against elderlies','Will do later'),('M26','Yike Air Min 526',419.99,'Tripping Shoe',NULL,'Shoe designed against elderlies','Will do later'),('M27','Yike Air Min 527',419.99,'Tripping Shoe',NULL,'Shoe designed against elderlies','Will do later'),('M28','Yike Air Min 528',419.99,'Tripping Shoe',NULL,'Shoe designed against elderlies','Will do later'),('M29','Yike Air Min 529',419.99,'Tripping Shoe',NULL,'Shoe designed against elderlies','Will do later'),('M3','Yike Air Min 53',419.99,'Tripping Shoe',NULL,'Shoe designed against elderlies','Will do later'),('M30','Yike Air Min 530',419.99,'Tripping Shoe',NULL,'Shoe designed against elderlies','Will do later'),('M31','Yike Air Min 531',419.99,'Tripping Shoe',NULL,'Shoe designed against elderlies','Will do later'),('M32','Yike Air Min 532',419.99,'Tripping Shoe',NULL,'Shoe designed against elderlies','Will do later'),('M33','Yike Air Min 533',419.99,'Tripping Shoe',NULL,'Shoe designed against elderlies','Will do later'),('M34','Yike Air Min 534',419.99,'Tripping Shoe',NULL,'Shoe designed against elderlies','Will do later'),('M35','Yike Air Min 535',419.99,'Tripping Shoe',NULL,'Shoe designed against elderlies','Will do later'),('M36','Yike Air Min 536',419.99,'Tripping Shoe',NULL,'Shoe designed against elderlies','Will do later'),('M37','Yike Air Min 537',419.99,'Tripping Shoe',NULL,'Shoe designed against elderlies','Will do later'),('M38','Yike Air Min 538',419.99,'Tripping Shoe',NULL,'Shoe designed against elderlies','Will do later'),('M39','Yike Air Min 539',419.99,'Tripping Shoe',NULL,'Shoe designed against elderlies','Will do later'),('M4','Yike Air Min 54',419.99,'Tripping Shoe',NULL,'Shoe designed against elderlies','Will do later'),('M40','Yike Air Min 540',419.99,'Tripping Shoe',NULL,'Shoe designed against elderlies','Will do later'),('M41','Yike Air Min 541',419.99,'Tripping Shoe',NULL,'Shoe designed against elderlies','Will do later'),('M42','Yike Air Min 542',419.99,'Tripping Shoe',NULL,'Shoe designed against elderlies','Will do later'),('M43','Yike Air Min 543',419.99,'Tripping Shoe',NULL,'Shoe designed against elderlies','Will do later'),('M44','Yike Air Min 544',419.99,'Tripping Shoe',NULL,'Shoe designed against elderlies','Will do later'),('M45','Yike Air Min 545',419.99,'Tripping Shoe',NULL,'Shoe designed against elderlies','Will do later'),('M46','Yike Air Min 546',419.99,'Tripping Shoe',NULL,'Shoe designed against elderlies','Will do later'),('M47','Yike Air Min 547',419.99,'Tripping Shoe',NULL,'Shoe designed against elderlies','Will do later'),('M48','Yike Air Min 548',419.99,'Tripping Shoe',NULL,'Shoe designed against elderlies','Will do later'),('M49','Yike Air Min 549',419.99,'Tripping Shoe',NULL,'Shoe designed against elderlies','Will do later'),('M5','Yike Air Min 55',419.99,'Tripping Shoe',NULL,'Shoe designed against elderlies','Will do later'),('M6','Yike Air Min 56',419.99,'Tripping Shoe',NULL,'Shoe designed against elderlies','Will do later'),('M7','Yike Air Min 57',419.99,'Tripping Shoe',NULL,'Shoe designed against elderlies','Will do later'),('M8','Yike Air Min 58',419.99,'Tripping Shoe',NULL,'Shoe designed against elderlies','Will do later'),('M9','Yike Air Min 59',419.99,'Tripping Shoe',NULL,'Shoe designed against elderlies','Will do later');
/*!40000 ALTER TABLE `items` ENABLE KEYS */;
UNLOCK TABLES;
/*!40103 SET TIME_ZONE=@OLD_TIME_ZONE */;

/*!40101 SET SQL_MODE=@OLD_SQL_MODE */;
/*!40014 SET FOREIGN_KEY_CHECKS=@OLD_FOREIGN_KEY_CHECKS */;
/*!40014 SET UNIQUE_CHECKS=@OLD_UNIQUE_CHECKS */;
/*!40101 SET CHARACTER_SET_CLIENT=@OLD_CHARACTER_SET_CLIENT */;
/*!40101 SET CHARACTER_SET_RESULTS=@OLD_CHARACTER_SET_RESULTS */;
/*!40101 SET COLLATION_CONNECTION=@OLD_COLLATION_CONNECTION */;
/*!40111 SET SQL_NOTES=@OLD_SQL_NOTES */;

-- Dump completed on 2019-02-25 19:42:18
